gene_name	phosphoscore	n_sign_phos	phos	act_rol	phosphosite_fc	UNIPROT	mf
CDK12	5.43255435516764	1	T893	1	5.43	Q9NYV4	kin
CERS4	3.02816200256348	1	S347	1	3.03	Q9HA82	other
GAB2	-1.90097681681315	1	S210	-1	1.9	Q9UQC2	other
HSF1	-4.385532061258955	2	S303;S326	-1;1	5.74;-3.03	Q00613	tf
IRS1	-4.444912607421873	1	S1101	-1	4.44	P35568	other
IRS2	-0.948266347249348	1	S365	-1	0.95	Q9Y4H2	other
MCC	2.835866928100585	2	S118;S120	1;1	2.78;2.89	P23508;SIGNOR-C382	other
NME1	7.2308614333333345	1	S120	1	7.23	P15531	kin
PRKAA1	-4.549451155745444	1	S496	-1	4.55	Q13131	kin
PRKCD	4.4108142752767	1	T507	1	4.41	Q05655	kin
PTPRA	3.51985041300455	1	S189	1	3.52	P18433;P18433	phos
RPS6KB1	-3.26188659667969	1	S394	1	-3.26	P23443;P23443	kin
STIM1	-4.925748811751303	1	S257	-1	4.93	Q13586	other
STK39	-3.61143440965983	1	S371	1	-3.61	Q9UEW8	kin
STMN1	3.1900304073811867	1	S63	-1	-3.19	P16949	other
YAP1	-2.75146675109863	1	S61	-1	2.75	P46937;P46937-2;P46937	tf
ZFP36L1	1.25293668111165	1	S54	1	1.25	Q07352	other
